,proj_id,regis_id,regis_date,cancel_date,proj_name_th,proj_name_en,proj_abbr_name,fund_status,unique_id,permit_us_investment,invest_country_flag,proj_retail_type,proj_term_flag,proj_term_dd,proj_term_mm,proj_term_yy,risk_spectrum,risk_spectrum_desc,fund_suitable_desc,spec_code,spec_desc
0,M0007_2564,MF0045_2564,2021-02-16,-,กองทุนเปิด แอสเซทพลัส ทริกเกอร์ 6เดือน3,Asset Plus Trigger Fund 6M3,ASP-TRIGGER 6M3,RG,C0000005022,,1,R,N,,,,,,"- 	ผู้ลงทุนที่เข้าใจว่ามูลค่าหน่วยลงทุนเป้าหมายไม่ใช่การรับประกันผลตอบแทนจากการลงทุน และไม่สามารถขายคืนหน่วยลงทุนได้ในในช่วง 6 เดือนนับแต่วันจดทะเบียนกองทรัพย์สินเป็นกองทุนรวม
<br>- 	ผู้ลงทุนที่สามารถลงทุนในช่วงระยะเวลาไม่ต่ำกว่า 6 เดือนนับแต่วันจดทะเบียนกองทรัพย์สินเป็นกองทุนรวม และคาดหวังผลตอบแทนการลงทุนจากการจับจังหวะตลาด (market timing)
<br>- 	ผู้ลงทุนที่สามารถรับความผันผวนของราคาหุ้นที่กองทุนรวมไปลงทุน ซึ่งอาจจะปรับตัวเพิ่มสูงขึ้น หรือลดลงจนต่ำกว่ามูลค่าที่ลงทุนและทำให้ขาดทุนได้
<br>",,
1,M0056_2561,MF0085_2561,2018-04-02,-,กองทุนเปิด แอสเซทพลัส ดิสรัปทีฟ ออพพอร์ทูนิตี้ส์,Asset Plus Disruptive Opportunities Fund,ASP-DISRUPT,RG,C0000005022,,1,R,N,,,,,,"- ผู้ลงทุนที่ต้องการกระจายการลงทุนไปยังตราสารทุนต่างประเทศ และสามารถรับความผันผวนของราคาหุ้นหรือตราสารทุนอื่นใดที่กองทุนรวมไปลงทุน ซึ่งอาจจะปรับตัวเพิ่มสูงขึ้นหรือลดลงจนต่ำกว่ามูลค่าที่ลงทุนและทำให้ขาดทุนได้<br>
- ผู้ที่สามารถลงทุนในระยะกลางถึงระยะยาว โดยคาดหวังผลตอบแทนในระยะยาวที่ดีกว่าการลงทุนใน  ตราสารหนี้ทั่วไป<br>",,
2,M0063_2566,MF0082_2566,2023-03-08,-,กองทุนเปิด แอสเซทพลัส ไชน่า ทริกเกอร์ 3เดือน1,Asset Plus China Trigger Fund 3M1,ASP-CHINATRIG 3M1,RG,C0000005022,,1,R,N,,,,,,,,
3,M0065_2562,MF0114_2562,2019-03-13,-,กองทุนเปิด แอสเซทพลัส เดลี่ พันธบัตรไทย,Asset Plus Daily Government Fund,ASP-DGOV,RG,C0000005022,,3,R,N,,,,,,"- 	ผู้ลงทุนที่คาดหวังผลตอบแทนที่ใกล้เคียงเงินฝาก และยอมรับผลตอบแทนที่อาจต่ำกว่ากองทุนรวมตราสารหนี้ทั่วไปได้
<br>
-	ผู้ลงทุนที่ต้องการสภาพคล่องสูง
<br>
- 	ผู้ลงทุนที่ต้องการการลงทุนที่มีความเสี่ยงต่ำ
<br>
-	กองทุนมีการแบ่งชนิดหน่วยลงทุนของกองทุนเป็น 2 ชนิด ได้แก่ ชนิดผู้ลงทุนทั่วไปและชนิดผู้ลงทุนสถาบัน ทั้งนี้ เพื่อประโยชน์สูงสุดของผู้ลงทุน ผู้ลงทุนควรศึกษาข้อมูลของหน่วยลงทุนทั้ง 2 ชนิดก่อนการลงทุน
<br>",MM,กองทุนรวมตลาดเงิน
4,M0068_2564,MF0081_2564,2021-03-16,-,กองทุนเปิด แอสเซทพลัส ฟิวเจอริสติก พาวเวอร์ ซัพพลาย แอนด์ โมบิลิตี้,Asset Plus Futuristic Power Supply and Mobility Fund,ASP-POWER,RG,C0000005022,,1,R,N,,,,,,"<p>-	ผู้ที่ต้องการกระจายการลงทุนไปยังต่างประเทศและสามารถรับความเสี่ยงจาการลงทุนในตราสารทุนในต่างประเทศโดยยอมรับความผันผวนทั้งในระยะสั้นและระยะยาวได้
<br>
-	ผู้ลงทุนที่สามารถรับความผันผวนของราคาหุ้นหรือตราสารทุนอื่นใดที่กองทุนต่างประเทศที่กองทุนไทยไปลงทุน อาจจะปรับตัวเพิ่มสูงขึ้นหรือลดลงจนต่ำกว่ามูลค่าที่ลงทุนและทำให้ขาดทุนได้
<br>
-	ผู้ที่สามารถลงทุนในระยะกลางถึงระยะยาว โดยคาดหวังผลตอบแทนในระยะยาวที่ดีกว่าการลงทุนในตราสารหนี้ทั่วไป</p>
",FF,กองทุนรวมหน่วยลงทุน (Fund of Funds)
5,M0073_2562,MF0155_2562,2019-03-29,-,กองทุนเปิด แอสเซทพลัส อินโนเวทีฟ เฮลธ์แคร์,Asset Plus Innovative Healthcare Fund,ASP-IHEALTH,RG,C0000005022,,1,R,N,,,,,,"<p>-	ผู้ที่ต้องการกระจายการลงทุนไปยังต่างประเทศและสามารถรับความเสี่ยงจาการลงทุนในตราสารทุนในต่างประเทศโดยยอมรับความผันผวนทั้งในระยะสั้นและระยะยาวได้
<br>
-	ผู้ลงทุนที่สามารถรับความผันผวนของราคาหุ้นหรือตราสารทุนอื่นใดที่กองทุนต่างประเทศและ/หรือที่กองทุนไทยไปลงทุน ซึ่งอาจจะปรับตัวเพิ่มสูงขึ้นหรือลดลงจนต่ำกว่ามูลค่าที่ลงทุนและทำให้ขาดทุนได้
<br>
-	ผู้ที่สามารถลงทุนในระยะกลางถึงระยะยาว โดยคาดหวังผลตอบแทนในระยะยาวที่ดีกว่าการลงทุนในตราสารหนี้ทั่วไป
<br>
-	ผู้ลงทุนที่ต้องการกระจายการลงทุนไปยังหุ้นกลุ่ม Health Care<br></p>","FF,SE","กองทุนรวมหน่วยลงทุน (Fund of Funds),กองทุนรวมหมวดอุตสาหกรรม"
6,M0085_2566,MF0128_2566,2023-04-05,-,กองทุนเปิด แอสเซทพลัส สมอล แอนด์ มิด แคป อิควิตี้ เพื่อการเลี้ยงชีพ,Asset Plus Small and Mid Cap Equity RMF Fund,ASP-SMERMF,RG,C0000005022,,3,R,N,,,,,,,RMF,กองทุนรวมเพื่อการเลี้ยงชีพ
7,M0104_2557,MF0294_2557,2014-05-12,-,กองทุนเปิดแอสเซทพลัสหุ้นไทย,Asset Plus Thai Equity Fund,ASP-THEQ,RG,C0000005022,,3,R,N,,,,,,"-	ผู้ลงทุนที่สามารถรับความผันผวนของราคาหุ้นที่กองทุนรวมไปลงทุน ซึ่งอาจจะปรับตัวเพิ่มสูงขึ้น หรือลดลงจนต่ำกว่ามูลค่าที่ลงทุนและทำให้ขาดทุนได้
<br>
-	ผู้ที่สามารถลงทุนในระยะกลางถึงระยะยาว โดยคาดหวังผลตอบแทนในระยะยาวดีกว่าการลงทุนในตราสารหนี้ทั่วไป<br>
",,
8,M0122_2564,MF0156_2564,2021-05-13,-,กองทุนเปิด แอสเซทพลัส ไทย ท็อป 12,Asset Plus Thai Top 12 Fund,ASP-T12,RG,C0000005022,,3,R,N,,,,,,"- ผู้ลงทุนที่สามารถรับความผันผวนของราคาหุ้นที่กองทุนรวมไปลงทุน ซึ่งอาจจะปรับตัวเพิ่มสูงขึ้น หรือลดลงจนต่ำกว่ามูลค่าที่ลงทุนและทำให้ขาดทุนได้ <br>
- ผู้ที่สามารถลงทุนในระยะกลางถึงระยะยาว โดยคาดหวังผลตอบแทนในระยะยาวที่ดีกว่าการลงทุนใน  ตราสารหนี้ทั่วไป<br>",,
9,M0125_2560,MF0168_2560,2017-04-12,-,กองทุนเปิด แอสเซทพลัส ตราสารหนี้ต่างประเทศ พลัส,Asset Plus Foreign Fixed Income Plus Fund,ASP-FFPLUS,RG,C0000005022,,1,R,N,,,,,หมายเหตุ : กองทุนรวมตราสารหนี้ที่มีการลงทุนในตราสาร non-investment grade/unrated ไม่เกินร้อยละ 20 ของ NAV,"<p>-	ผู้ลงทุนที่คาดหวังผลตอบแทนที่สูงกว่าเงินฝาก และยอมรับผลตอบแทนที่อาจต่ำกว่าหุ้นได้
<br>
-	ผู้ลงทุนที่ต้องการสภาพคล่องในการซื้อขายไถ่ถอนหน่วยลงทุนได้ทุกวันทำการซื้อขาย
โดยจะได้รับเงินคืนภายในวันที่ T+ 5<br>
-	กองทุนมีการแบ่งชนิดหน่วยลงทุนของกองทุนเป็น 2 ชนิด ได้แก่ ชนิดสะสมมูลค่าและชนิดรับซื้อคืนอัตโนมัติ ทั้งนี้ เพื่อประโยชน์สูงสุดของผู้ลงทุน ผู้ลงทุนควรศึกษาข้อมูลของหน่วยลงทุนทั้ง 2 ชนิดก่อนการลงทุน
</p>",,
10,M0142_2542,025_2542,1999-07-22,-,กองทุนเปิด แอสเซท พลัส ตราสารหนี้,ASSET PLUS FIXED INCOME FUND,ASP,RG,C0000005022,,4,R,N,,,,,<p><br></p>,"-	ผู้ลงทุนที่คาดหวังผลตอบแทนที่สูงกว่าเงินฝาก และยอมรับผลตอบแทนที่อาจต่ำกว่าหุ้นได้
<br>
-	ผู้ลงทุนี่ต้องการสภาพคล่องในการซื้อขายไถ่ถอนหน่วยลงทุนได้ทุกวันทำการ โดยจะได้รับเงินคืนภายในวันที่ T+1<br>
",,
11,M0146_2549,136_2549,2006-06-23,-,กองทุนเปิดแอสเซทพลัสนิปปอนโกรท,Asset Plus Nippon Growth Fund,ASP-NGF,RG,C0000005022,,1,R,N,,,,,,"-	เหมาะสมกับเงินลงทุนที่ผู้ลงทุนต้องการกระจายการลงทุนไปยังตราสารทุนหรือตราสารหนี้ที่เกี่ยวข้องกับกองทุนของบริษัทต่างๆ ในประเทศญี่ปุ่น และมุ่งหวังประโยชน์จากการฟื้นตัวของเศรษฐกิจประเทศญี่ปุ่น และการปรับโครงสร้างหนี้ โดยเงินลงทุนดังกล่าวต้องสามารถรับความเสี่ยงได้สูง และต้องการผลตอบแทนในระยะยาว
<br>
- ผู้ลงทุนที่สามารถรับความผันผวนของราคาหุ้นที่กองทุนรวมไปลงทุน ซึ่งอาจจะปรับตัวเพิ่มสูงขึ้น หรือลดลงจนต่ำกว่ามูลค่าที่ลงทุนและทำให้ขาดทุนได้ <br>
- ผู้ที่สามารถลงทุนในระยะกลางถึงระยะยาว โดยคาดหวังผลตอบแทนในระยะยาวที่ดีกว่าการลงทุนใน  ตราสารหนี้ทั่วไป<br>
",FED,กองทุนรวมฟีดเดอร์
12,M0150_2564,MF0224_2564,2021-07-05,-,กองทุนเปิด แอสเซทพลัส อีโวลูชั่น ไชน่า อิควิตี้ เพื่อการออม,Asset Plus Evolution China Equity Super Savings Fund,ASP-EVOCHINA-SSF,RG,C0000005022,,1,R,N,,,,,,"- 	ผู้ลงทุนที่ต้องการกระจายการลงทุนไปยังตราสารทุนในสาธารณรัฐประชาชนจีนและ/หรือเขตบริหารพิเศษฮ่องกงและ/หรือประเทศสาธารณรัฐจีน (ไต้หวัน) และสามารถรับความผันผวนของราคาหุ้นหรือตราสารทุนอื่นใดที่กองทุนรวมไปลงทุน ซึ่งอาจจะปรับตัวเพิ่มสูงขึ้นหรือลดลงจนต่ำกว่ามูลค่าที่ลงทุนและทำให้ขาดทุนได้
<br>
- 	ผู้ลงทุนที่ประสงค์จะได้รับสิทธิประโยชน์ทางภาษี และสามารถออมเงินระยะยาวได้ ทั้งนี้ กองทุนรวมเพื่อการออม ผู้ลงทุนต้องถือครองหน่วยลงทุนเป็นระยะเวลาไม่น้อยกว่า 10 ปี เพื่อที่จะได้รับสิทธิประโยชน์ทางภาษีจากการลงทุน
<br>
-	กองทุนนี้เป็นกองทุนเพื่อการออม เพื่อที่จะได้รับสิทธิประโยชน์ทางภาษีจากการลงทุนผู้ลงทุนที่ซื้อหน่วยลงทุนต้องปฏิบัติตามเงื่อนไขที่กรมสรรพากรกำหนดเท่านั้น
<br>
-	ผู้ลงทุนที่คาดหวังผลตอบแทนในระยะยาวที่ดีกว่าการลงทุนในตราสารหนี้ทั่วไป
<br>",SSF,กองทุนรวมเพื่อการออม 
13,M0175_2563,MF0100_2563,2020-04-21,-,กองทุนเปิด แอสเซทพลัส สมอล แอนด์ มิด แคป อิควิตี้ เพื่อการออม,Asset Plus Small and Mid Cap Equity Super Savings Fund,ASP-SME-MSSF,RG,C0000005022,,3,R,N,,,,,,"-	ผู้ลงทุนที่ประสงค์จะได้สิทธิประโยชน์ทางภาษี และสามารถรับความผันผวนของราคาหุ้นที่กองทุนไปลงทุน ซึ่งอาจจะปรับตัวเพิ่มสูงขึ้น หรือลดลงจนต่ำกว่ามูลค่าที่ลงทุนและทำให้ขาดทุนได้
<br>
-	กองทุนนี้เป็นกองทุนเพื่อการออม เพื่อที่จะได้รับสิทธิประโยชน์ทางภาษีจากการลงทุน ผู้ลงทุนที่ซื้อหน่วยลงทุนต้องปฏิบัติตามเงื่อนไขที่กรมสรรพากรกำหนดเท่านั้น
<br>
-	ผู้ลงทุนที่คาดหวังผลตอบแทนในระยะยาวที่ดีกว่าการลงทุนในตราสารหนี้ทั่วไป
ทั้งนี้ กองทุนรวมเพื่อการออม ผู้ลงทุนต้องถือครองหน่วยลงทุนเป็นระยะเวลาไม่น้อยกว่า 10 ปี เพื่อที่จะได้รับสิทธิประโยชน์ทางภาษีจากการลงทุน <br>
",SSF,กองทุนรวมเพื่อการออม 
14,M0187_2552,227_2552,2009-06-26,-,กองทุนเปิดแอสเซทพลัสออยล์,Asset Plus Oil Fund,ASP-OIL,RG,C0000005022,,1,R,N,,,,,กองทุนที่มี net exposure ในทรัพย์สินทางเลือก (น้ำมันดิบ) โดยเฉลี่ยรอบระยะเวลาบัญชีไม่น้อยกว่าร้อยละ 80 ของ NAV,"<p>-	ผู้ลงทุนที่ต้องการกระจายลงทุนไปยังหลักทรัพย์ต่างประเทศและมุ่งหวังผลตอบแทนจากการลงทุนในกองทุนรวมต่างประเทศ โดยเงินลงทุนดังกล่าวต้องสามารถรับความเสี่ยงได้สูง 
<br>-	ผู้ลงทุนที่สามารถยอมรับความผันผวนของราคาหน่วยลงทุนที่กองทุนรวมไปลงทุน ซึ่งอาจปรับตัวเพิ่มสูงขึ้นหรือลดลงจนต่ำกว่ามูลค่าที่ลงทุนและทำให้ขาดทุนได้
<br>-	ผู้ลงทุนที่ต้องการลงทุนในทรัพย์สินทางเลือกเพื่อกระจายการลงทุนในทรัพย์สินประเภทต่างๆ
<br></p>",FED,กองทุนรวมฟีดเดอร์
15,M0206_2552,241_2552,2009-07-02,-,กองทุนเปิดแอสเซทพลัสโกลด์,Asset Plus Gold Fund   ,ASP-GOLD,RG,C0000005022,,1,R,N,,,,,,"<p><font size=""2"">-	เหมาะสมกับเงินลงทุนที่ผู้ลงทุนต้องการกระจายการลงทุนไปยังหลักทรัพย์ต่างประเทศและมุ่งหวังผลตอบแทนจากการลงทุนในกองทุนรวมต่างประเทศ โดยเงินลงทุนดังกล่าวต้องสามารถรับความเสี่ยงได้สูง <br>
</font><font size=""2"">- ผู้ลงทุนที่สามารถยอมรับความผันผวนของราคาทองคำ ซึ่งอาจปรับตัวสูงขึ้นหรือลดลงจนต่ำกว่ามูลค่าที่ลงทุนและทำให้ขาดทุนได้<br>
</font><font size=""2"">- ผู้ลงทุนที่ต้องการลงทุนในทรัพย์สินทางเลือกเพื่อกระจายการลงทุนในทรัพย์สินประเภทต่างๆ<br>
</font><font size=""2"">- ผู้ลงทุนที่คาดหวังผลตอบแทนจากการลงทุนในทองคำ</font><font size=""2""><br>
</font></p>",FED,กองทุนรวมฟีดเดอร์
16,M0207_2566,MF0154_2566,2023-05-02,-,กองทุนเปิด แอสเซทพลัส ไทย ทริกเกอร์ 5เดือน1,Asset Plus Thai Trigger Fund 5M1,ASP-THAITRIG 5M1,RG,C0000005022,,3,R,N,,,,,,,,
17,M0227_2557,MF0444_2557,2014-07-09,-,กองทุนเปิดแอสเซทพลัสไชน่า,Asset Plus China Fund,ASP-CHINA,RG,C0000005022,,1,R,N,,,,,<p><br></p>,"-	เหมาะสมกับผู้ลงทุนที่ต้องการกระจายการลงทุน ในกองทุนตราสารทุนแห่งทุนต่างประเทศ และมีโอกาสที่จะได้รับผลตอบแทนที่ดี ทั้งนี้ ผู้ลงทุนควรมีความเข้าใจและยอมรับความเสี่ยงของการลงทุนในต่างประเทศได้
<br>
- ผู้ลงทุนที่สามารถรับความผันผวนของราคาหุ้นที่กองทุนรวมไปลงทุน ซึ่งอาจจะปรับตัวเพิ่มสูงขึ้นหรือลดลงจนต่ำกว่ามูลค่าที่ลงทุนและทำให้ขาดทุนได้ <br>
- ผู้ที่สามารถลงทุนในระยะกลางถึงระยะยาว โดยคาดหวังผลตอบแทนในระยะยาวที่ดีกว่าการลงทุนใน  ตราสารหนี้ทั่วไป<br>",FED,กองทุนรวมฟีดเดอร์
18,M0231_2563,MF0167_2563,2020-06-29,-,กองทุนเปิด แอสเซทพลัส ท็อปแบรนด์,Asset Plus Top Brand Fund,ASP-TOPBRAND,RG,C0000005022,,1,R,N,,,,,,"-	ผู้ลงทุนที่สามารถรับความผันผวนของราคาหลักทรัพย์หรือทรัพย์สินที่กองทุนไปลงทุน ซึ่งอาจจะปรับตัวเพิ่มสูงขึ้นหรือลดลงจนต่ำกว่ามูลค่าที่ลงทุนและทำให้ขาดทุนได้
<br>
-	ผู้ที่สามารถลงทุนในระยะกลางถึงระยะยาว โดยคาดหวังผลตอบแทนในระยะยาวที่ดีกว่าการลงทุนในตราสารหนี้ทั่วไป
<br>",,
19,M0235_2565,MF0222_2565,2022-07-20,-,กองทุนเปิด แอสเซทพลัส ไพรเวท เรียลเอสเตท ห้ามขายผู้ลงทุนรายย่อย,Asset Plus Private Real Estate Fund Not for Retail Investors,ASP-PRE-UI,RG,C0000005022,,1,X,N,,,,,,,"FED,SE","กองทุนรวมฟีดเดอร์,กองทุนรวมหมวดอุตสาหกรรม"
20,M0236_2563,MF0166_2563,2020-06-29,-,กองทุนเปิด แอสเซทพลัส เอ็กซ์ตร้า โกรท,Asset Plus Extra Growth Fund,ASP-X,RG,C0000005022,,1,R,N,,,,,,"-	ผู้ลงทุนที่สามารถรับความผันผวนของราคาหลักทรัพย์หรือทรัพย์สินที่กองทุนไปลงทุน ซึ่งอาจจะปรับตัวเพิ่มสูงขึ้นหรือลดลงจนต่ำกว่ามูลค่าที่ลงทุนและทำให้ขาดทุนได้
<br>
-	ผู้ที่สามารถลงทุนในระยะกลางถึงระยะยาว โดยคาดหวังผลตอบแทนในระยะยาวที่ดีกว่าการลงทุนในตราสารหนี้ทั่วไป
<br>
",,
21,M0245_2560,MF0248_2560,2017-06-12,-,กองทุนเปิด แอสเซทพลัส โกลบอล อินคัม พลัส,Asset Plus Global Income Plus Fund,ASPGIPLUS,RG,C0000005022,,1,R,N,,,,,,"<p>- 	ผู้ลงทุนที่ต้องการกระจายการลงทุน ในตราสารแห่งทุนต่างประเทศ และมีโอกาสที่จะได้รับผลตอบแทนที่ดี และสามารถยอมรับความรับความผันผวนของราคาที่อาจจะเกิดขึ้นจากทรัพย์สินที่กองทุนไปลงทุนได้ ทั้งนี้ ผู้ลงทุนควรมีความเข้าใจและยอมรับความเสี่ยงของการลงทุนในต่างประเทศได้ <br>
-	กองทุนมีการแบ่งชนิดหน่วยลงทุนของกองทุนเป็น 2 ชนิด ได้แก่ ชนิดสะสมมูลค่าและชนิดรับซื้อคืนอัตโนมัติ ทั้งนี้ เพื่อประโยชน์สูงสุดของผู้ลงทุน ผู้ลงทุนควรศึกษาข้อมูลของหน่วยลงทุนทั้ง 2 ชนิดก่อนการลงทุน <br></p>",,
22,M0257_2552,265_2552,2009-07-17,-,กองทุนเปิดแอสเซทพลัสเอสแอนด์พี 500,Asset Plus S&P 500 Fund,ASP-S&P500,RG,C0000005022,,1,R,N,,,,,,"<p>-	เหมาะสมกับเงินลงทุนที่ผู้ลงทุนต้องการกระจายการลงทุนไปยังหลักทรัพย์ต่างประเทศและมุ่งหวังผลตอบแทนจากการลงทุนในกองทุนรวมต่างประเทศ โดยเงินลงทุนดังกล่าวต้องสามารถรับความเสี่ยงได้สูง และต้องการผลตอบแทนในระยะยาว
<br>
- ผู้ลงทุนที่สามารถรับความผันผวนของราคาหุ้นที่กองทุนรวมไปลงทุน ซึ่งอาจจะปรับตัวเพิ่มสูงขึ้น หรือลดลงจนต่ำกว่ามูลค่าที่ลงทุนและทำให้ขาดทุนได้ <br>
- ผู้ที่สามารถลงทุนในระยะกลางถึงระยะยาว โดยคาดหวังผลตอบแทนในระยะยาวที่ดีกว่าการลงทุนใน  ตราสารหนี้ทั่วไป</p>
",FED,กองทุนรวมฟีดเดอร์
23,M0271_2561,MF0261_2561,2018-08-30,-,กองทุนเปิด แอสเซทพลัส ดิสรัปทีฟ ออพพอร์ทูนิตี้ส์ เพื่อการเลี้ยงชีพ,Asset Plus Disruptive Opportunities RMF Fund,ASP-DISRUPTRMF,RG,C0000005022,,1,R,N,,,,,,"<p>- ผู้ลงทุนที่ต้องการกระจายการลงทุนไปต่างประเทศ และสามารถรับความผันผวนของราคาหุ้นและตราสารทุนอื่นใดที่กองทุนรวมไปลงทุน ซึ่งอาจจะปรับตัวเพิ่มสูงขึ้นหรือลดลงจนต่ำกว่ามูลค่าที่ลงทุนและทำให้ขาดทุนได้ <br>
- ผู้ที่สามารถลงทุนในระยะกลางถึงระยะยาว โดยคาดหวังผลตอบแทนในระยะยาวที่ดีกว่าการลงทุนใน  ตราสารหนี้ทั่วไป<br>
-	กองทุนรวมเพื่อการเลี้ยงชีพ มีเงื่อนไขต้องลงทุนต่อเนื่องเป็นระยะเวลาไม่น้อยกว่า 5 ปี จนครบ 55 ปีบริบูรณ์ เพื่อสิทธิประโยชน์ทางภาษี</p>
",RMF,กองทุนรวมเพื่อการเลี้ยงชีพ
24,M0298_2561,MF0287_2561,2018-09-19,-,กองทุนเปิด แอสเซทพลัส เวียดนาม โกรท เพื่อการเลี้ยงชีพ,Asset Plus Vietnam Growth RMF Fund,ASP-VIETRMF,RG,C0000005022,,1,R,N,,,,,,"<p>- 	ผู้ลงทุนที่ต้องการกระจายการลงทุนไปยังตราสารทุนประเทศเวียดนาม และสามารถรับความผันผวนของราคาหุ้นหรือตราสารทุนอื่นใดที่กองทุนรวมไปลงทุน ซึ่งอาจจะปรับตัวเพิ่มสูงขึ้นหรือลดลงจนต่ำกว่ามูลค่าที่ลงทุนและทำให้ขาดทุนได้
<br>
- 	ผู้ลงทุนที่สามารถลงทุนในระยะกลางถึงระยะยาว โดยคาดหวังผลตอบแทนในระยะยาวที่ดีกว่าการลงทุนใน ตราสารหนี้ทั่วไป
<br>
-	กองทุนรวมเพื่อการเลี้ยงชีพ มีเงื่อนไขต้องลงทุนต่อเนื่องเป็นระยะเวลาไม่น้อยกว่า 5 ปี จนครบ 55 ปีบริบูรณ์ เพื่อสิทธิประโยชน์ทางภาษี
&nbsp;<br></p>
",RMF,กองทุนรวมเพื่อการเลี้ยงชีพ
25,M0305_2562,MF0281_2562,2019-06-19,-,กองทุนเปิด แอสเซทพลัส เลกาซี่ ห้ามขายผู้ลงทุนรายย่อย,Asset Plus Legacy Fund Not for Retail Investors,ASP-LEGACY-UI,RG,C0000005022,,1,X,N,,,,,,"-	ผู้ลงทุนที่มิใช่รายย่อย ที่มีความเข้าใจในกลยุทธ์การลงทุนของกองทุนหลัก และ กองทุนอ้างอิง และยอมรับความเสี่ยงที่สูงกว่านักลงทุนทั่วไป
<br>
-	กองทุนอ้างอิงมีธุรกรรมการขายหลักทรัพย์ที่ต้องยืมมาเพื่อการส่งมอบ (short sell) ดังนั้น จึงเหมาะกับผู้ลงทุนที่คาดหวังผลตอบแทนสูงต่อเงินลงทุนที่จำกัด และสามารถรับความผันผวนของอัตราผลตอบแทนและรับผลขาดทุนที่สูงได้
<br>
-	ผู้ลงทุนที่สามารถรับความผันผวนของราคากองทุนอ้างอิง ที่กองทุน Wellspring GBL Fund (กองทุนหลัก) ไปลงทุน ซึ่งอาจปรับตัวสูงขึ้นหรือลดลงจนต่ำกว่ามูลค่าที่ลงทุนและทำให้ขาดทุนได้
<br>
-	ผู้ลงทุนที่ไม่ต้องการซื้อขายหน่วยลงทุนทุกวันทำการและ/หรือไม่ต้องการสภาพคล่องทันที เนื่องจากกองทุนมีกำหนดการซื้อ/ขายหน่วยลงทุนไว้เป็นการเฉพาะ
<br>
-	ผู้ที่สามารถลงทุนในระยะยาว โดยคาดหวังผลตอบแทนในระยะยาวที่ดีกว่าการลงทุนในตราสารหนี้ทั่วไป
<br>",FED,กองทุนรวมฟีดเดอร์
26,M0308_2564,MF0068_2565,2022-03-11,-,กองทุนเปิด แอสเซทพลัส ไชน่า บอนด์,Asset Plus China Bond Fund,ASP-CHINABOND,RG,C0000005022,,1,R,N,,,,,,"-	ผู้ลงทุนที่ต้องการแสวงหาโอกาสการลงทุนในกองทุนตราสารหนี้ต่างประเทศที่กองทุนไทยไปลงทุน และสามารถยอมรับความผันผวน ที่อาจปรับตัวสูงขึ้นหรือลดลงจนต่ำกว่ามูลค่าที่ลงทุนและทำให้ขาดทุนได้ และสามารถลงทุนทุนในระยะกลางถึงระยะยาว
<br>-	ผู้ลงทุนที่คาดหวังผลตอบแทนที่สูงกว่าเงินฝาก และยอมรับผลตอบแทนที่อาจต่ำกว่าหุ้นได้ 
<br>-	ผู้ลงทุนที่ต้องการสภาพคล่องในการซื้อขายไถ่ถอนหน่วยลงทุนได้ทุกวันทำการซื้อขาย โดยจะได้รับเงินคืนภายในวันที่ T+4 วันทำการ นับถัดจากวันทำรายการขายคืนหน่วยลงทุน โดยมิให้นับรวมวันหยุดทำการของผู้ประกอบธุรกิจการจัดการกองทุนต่างประเทศที่มีลักษณะในทำนองเดียวกับธุรกิจการจัดการกองทุนรวมและผู้ประกอบธุรกิจที่เกี่ยวข้องในต่างประเทศซึ่งจะส่งผลกระทบต่อการชำระราคา โดยจะประกาศวันหยุดดังกล่าวให้ทราบผ่านเว็บไซต์บริษัทจัดการและ/หรือเว็บไซต์ของผู้สนับสนุนการขายหรือรับซื้อคืนหน่วยลงทุน (ถ้ามี)
<br>-	กองทุนมีการแบ่งชนิดหน่วยลงทุนออกเป็น 2 ชนิด ได้แก่ ชนิดสะสมมูลค่าและชนิดรับซื้อคืนอัตโนมัติ ทั้งนี้ เพื่อประโยชน์สูงสุดของผู้ลงทุน ผู้ลงทุนควรศึกษาข้อมูลของหน่วยลงทุนทั้ง 2 ชนิดก่อนการลงทุน
<br>",FF,กองทุนรวมหน่วยลงทุน (Fund of Funds)
27,M0333_2560,MF0322_2560,2017-08-02,-,กองทุนเปิด แอสเซทพลัส สมอล แอนด์ มิด แคป อิควิตี้,Asset Plus Small and Mid Cap Equity Fund,ASP-SME,RG,C0000005022,,3,R,N,,,,,,"<p>- ผู้ลงทุนที่สามารถรับความผันผวนของราคาหุ้นที่กองทุนรวมไปลงทุน ซึ่งอาจปรับตัวเพิ่มสูงขึ้นหรือลดลงจนต่ำกว่ามูลค่าที่ลงทุนและทำให้ขาดทุนได้
<br>
-&nbsp;ผู้ที่สามารถลงทุนในระยะกลางถึงระยะยาว โดยคาดหวังผลตอบแทนในระยะยาวดีกว่าการลงทุนในตราสารหนี้ทั่วไป</p>
",,
28,M0337_2561,MF0352_2561,2018-11-06,-,กองทุนเปิด แอสเซทพลัส อินเดีย ไดนามิกส์ อิควิตี้,Asset Plus India Dynamic Equity Fund,ASP-INDIA,RG,C0000005022,,1,R,N,,,,,,"<p>-	ผู้ลงทุนที่สามารถรับความผันผวนของราคาหุ้นที่ UTI India Dynamic Equity Fund (กองทุนหลัก) ไปลงทุน ซึ่งอาจปรับตัวสูงขึ้นหรือลดลงจนต่ำกว่ามูลค่าที่ลงทุนและทำให้ขาดทุนได้
<br>
- ผู้ลงทุนที่สามารถรับความผันผวนของราคาหุ้นที่กองทุนรวมไปลงทุน ซึ่งอาจจะปรับตัวเพิ่มสูงขึ้น หรือลดลงจนต่ำกว่ามูลค่าที่ลงทุนและทำให้ขาดทุนได้ <br>
- ผู้ที่สามารถลงทุนในระยะกลางถึงระยะยาว โดยคาดหวังผลตอบแทนในระยะยาวที่ดีกว่าการลงทุนใน  ตราสารหนี้ทั่วไป</p>
",FED,กองทุนรวมฟีดเดอร์
29,M0343_2566,MF0276_2566,2023-07-25,-,กองทุนเปิด แอสเซทพลัส ท็อปแบรนด์ เพื่อการเลี้ยงชีพ,Asset Plus Top Brand RMF Fund,ASP-TOPBRANDRMF,RG,C0000005022,,1,R,N,,,,,,,RMF,กองทุนรวมเพื่อการเลี้ยงชีพ
30,M0345_2566,MF0215_2566,2023-06-15,-,กองทุนเปิด แอสเซทพลัส ตราสารหนี้ 6เดือน2 ห้ามขายผู้ลงทุนรายย่อย ,Asset Plus Fixed Income Fund 6M2 Not for Retail Investors,ASP-FIXED 6M2,RG,C0000005022,,4,A,N,,,,,,,,
31,M0347_2560,MF0321_2560,2017-08-02,-,กองทุนเปิด แอสเซทพลัส เฟล็กซิเบิ้ล พลัส,Asset Plus Flexible Plus Fund,ASP-FLEXPLUS,RG,C0000005022,,4,R,N,,,,,,- ผู้ลงทุนที่ต้องการกระจายความเสี่ยงในการลงทุนในหลักทรัพย์ประเภทตราสารทุน ตราสารหนี้ ตราสารกึ่งหนี้กึ่งทุน ตราสารทางการเงิน เงินฝาก และ/หรือหน่วยลงทุนของกองทุน รวมถึงทรัพย์สินอื่นใดหรือการหาดอกผลโดยวิธีอื่นอย่างใดอย่างหนึ่งหรือหลายอย่าง และสามารถยอมรับความผันผวนของราคาที่อาจจะเกิดขึ้นจากทรัพย์สินที่กองทุนไปลงทุนได้,,
32,M0364_2561,MF0351_2561,2018-11-06,-,กองทุนเปิด แอสเซทพลัส อีโวลูชั่น ไชน่า อิควิตี้,Asset Plus Evolution China Equity Fund,ASP-EVOCHINA,RG,C0000005022,,1,R,N,,,,,,"- 	ผู้ลงทุนที่ต้องการกระจายการลงทุนไปยังตราสารทุนในสาธารณรัฐประชาชนจีนและ/หรือเขตบริหารพิเศษฮ่องกงและ/หรือประเทศสาธารณรัฐจีน (ไต้หวัน) และสามารถรับความผันผวนของราคาหุ้นหรือตราสารทุนอื่นใดที่กองทุนรวมไปลงทุน ซึ่งอาจจะปรับตัวเพิ่มสูงขึ้นหรือลดลงจนต่ำกว่ามูลค่าที่ลงทุนและทำให้ขาดทุนได้
<br>
- 	ผู้ลงทุนที่สามารถลงทุนในระยะกลางถึงระยะยาว โดยคาดหวังผลตอบแทนในระยะยาวที่ดีกว่าการลงทุนใน ตราสารหนี้ทั่วไป
<br>
- 	ผู้ลงทุนที่สามารถรับความผันผวนของราคาหุ้นที่กองทุนรวมไปลงทุน ซึ่งอาจจะปรับตัวเพิ่มสูงขึ้น หรือลดลงจนต่ำกว่ามูลค่าที่ลงทุนและทำให้ขาดทุนได้
<br>",,
33,M0400_2549,330_2549,2006-12-20,-,กองทุนเปิดแอสเซทพลัสหุ้นระยะยาวทวีกำไร,Asset Plus High Growth LTF,ASP-GLTF,RG,C0000005022,,3,R,N,,,,,,"-	ผู้ลงทุนที่สามารถรับความผันผวนของราคาหุ้นที่กองทุนไปลงทุน ซึ่งอาจจะปรับตัวเพิ่มสูงขึ้น หรือลดลงจนต่ำกว่ามูลค่าที่ลงทุนและทำให้ขาดทุนได้
<br>
-	ผู้ลงทุนที่คาดหวังผลตอบแทนในระยะยาวที่ดีกว่าการลงทุนในตราสารหนี้ทั่วไป
<br>
-	กองทุนมีการแบ่งชนิดหน่วยลงทุนของกองทุนเป็น 2 ชนิด ได้แก่
<br>
1. ชนิดมีสิทธิประโยชน์ทางภาษี (ASP-GLTF-T) เหมาะสำหรับผู้ลงทุนที่ลงทุนก่อนวันที่ 1 มกราคม 2563 เท่านั้น โดยเงินลงทุนสามารถนำไปลดหย่อนภาษีได้ ทั้งนี้ ตั้งแต่วันที่ 1 มกราคม 2563 เป็นต้นไป บริษัทจัดการไม่เปิดให้ผู้ลงทุนซื้อหน่วยลงทุนชนิดมีสิทธิประโยชน์ทางภาษี (ASP-GLTF-T) ได้อีก
<br>
2. ชนิดไม่มีสิทธิประโยชน์ทางภาษี (ASP-GLTF-A) เหมาะสำหรับผู้ลงทุนที่ลงทุนตั้งแต่วันที่ 2 มกราคม 2563 เป็นต้นไป โดยเงินลงทุนไม่สามารถนำไปลดหย่อนภาษีได้ และต้องการรับผลตอบแทนจากส่วนต่างจากการลงทุน (Capital gain) และสะสมผลประโยชน์จากการลงทุน (Total return)
<br>
",LTF,กองทุนรวมหุ้นระยะยาว
34,M0402_2564,MF0378_2564,2021-11-12,-,กองทุนเปิด แอสเซทพลัส ฟิวเจอริสติก พาวเวอร์ ซัพพลาย แอนด์ โมบิลิตี้ เพื่อการเลี้ยงชีพ,Asset Plus Futuristic Power Supply and Mobility RMF Fund,ASP-POWERRMF,RG,C0000005022,,1,R,N,,,,,,"-	ผู้ที่ต้องการกระจายการลงทุนไปยังต่างประเทศและสามารถรับความเสี่ยงจาการลงทุนในตราสารทุนในต่างประเทศโดยยอมรับความผันผวนทั้งในระยะสั้นและระยะยาวได้
<br>
-	ผู้ลงทุนที่สามารถรับความผันผวนของราคาหุ้นหรือตราสารทุนอื่นใดที่กองทุนต่างประเทศที่กองทุนไทยไปลงทุน อาจจะปรับตัวเพิ่มสูงขึ้นหรือลดลงจนต่ำกว่ามูลค่าที่ลงทุนและทำให้ขาดทุนได้
<br>
-	ผู้ที่สามารถลงทุนในระยะกลางถึงระยะยาว โดยคาดหวังผลตอบแทนในระยะยาวที่ดีกว่าการลงทุนในตราสารหนี้ทั่วไป
<br>
-	กองทุนรวมเพื่อการเลี้ยงชีพ มีเงื่อนไขต้องลงทุนต่อเนื่องเป็นระยะเวลาไม่น้อยกว่า 5 ปี จนครบ 55 ปีบริบูรณ์ เพื่อสิทธิประโยชน์ทางภาษี
<br>","FF,RMF","กองทุนรวมหน่วยลงทุน (Fund of Funds),กองทุนรวมเพื่อการเลี้ยงชีพ"
35,M0417_2560,MF0370_2560,2017-09-04,-,กองทุนเปิด แอสเซทพลัส โรโบติกส์,Asset Plus Robotics Fund,ASP-ROBOT,RG,C0000005022,,1,R,N,,,,,&nbsp;,"- ผู้ลงทุนที่สามารถยอมรับความเสี่ยงในการลงทุนในหลักทรัพย์ประเภทตราสารทุน หน่วย CIS ต่างประเทศที่มีนโยบายลงทุนในตราสารทุน รวมถึงทรัพย์สินอื่นใดหรือการหาดอกผลโดยวิธีอื่นอย่างใดอย่างหนึ่งหรือหลายอย่าง และสามารถยอมรับความผันผวนของราคาที่อาจจะเกิดขึ้นจากทรัพย์สินที่กองทุนไปลงทุนได้
<br>
-	ผู้ที่สามารถลงทุนในระยะกลางถึงระยะยาว โดยคาดหวังผลตอบแทนในระยะยาวดีกว่าการลงทุนในตราสารหนี้ทั่วไป
<br>
",,
36,M0424_2550,398_2550,2007-12-13,-, กองทุนเปิดแอสเซทพลัสบริค,Asset Plus BRIC Fund,ASP-BRIC,RG,C0000005022,,1,R,N,,,,,,"<p>- เหมาะสมกับผู้ลงทุนที่ต้องการกระจายการลงทุนไปยังตราสารทุนในประเทศบราซิล รัสเซีย อินเดีย และจีน โดยเงินลงทุนดังกล่าวต้องสามารถรับความเสี่ยงได้สูง <br>
- ผู้ที่สามารถลงทุนในระยะกลางถึงระยะยาว โดยคาดหวังผลตอบแทนในระยะยาวที่ดีกว่าการลงทุนใน  ตราสารหนี้ทั่วไป<br>
- ผู้ลงทุนที่สามารถรับความผันผวนของราคาหุ้นที่กองทุนรวมไปลงทุน ซึ่งอาจจะปรับตัวเพิ่มสูงขึ้น หรือลดลงจนต่ำกว่ามูลค่าที่ลงทุนและทำให้ขาดทุนได้ </p>
",FED,กองทุนรวมฟีดเดอร์
37,M0427_2566,MF0251_2566,2023-07-10,-,กองทุนเปิด แอสเซทพลัส ตราสารหนี้ 6เดือน3 ห้ามขายผู้ลงทุนรายย่อย ,Asset Plus Fixed Income Fund 6M3 Not for Retail Investors,ASP-FIXED 6M3,RG,C0000005022,,4,A,N,,,,,,,,
38,M0428_2550,338_2550,2007-10-26,-, กองทุนเปิดแอสเซทพลัสเอเชี่ยนสเปเชียลซิททูเอชั่นส์,Asset Plus Asian Special Situations Fund,ASP-ASIAN,RG,C0000005022,,1,R,N,,,,,,"-	ผู้ลงทุนที่ต้องการกระจายการลงทุนไปยังตราสารทุนในกลุ่มประเทศของเอเชีย ยกเว้นประเทศญี่ปุ่น โดยเงินลงทุนดังกล่าวต้องสามารถรับความเสี่ยงได้สูง
<br>
- ผู้ลงทุนที่สามารถรับความผันผวนของราคาหุ้นที่กองทุนรวมไปลงทุน ซึ่งอาจจะปรับตัวเพิ่มสูงขึ้น หรือลดลงจนต่ำกว่ามูลค่าที่ลงทุนและทำให้ขาดทุนได้ <br>
- ผู้ที่สามารถลงทุนในระยะกลางถึงระยะยาว โดยคาดหวังผลตอบแทนในระยะยาวที่ดีกว่าการลงทุนใน  ตราสารหนี้ทั่วไป<br>",FED,กองทุนรวมฟีดเดอร์
39,M0441_2552,035_2553,2010-01-28,-,กองทุนเปิดแอสเซทพลัสเอชเอสไอ,Asset Plus HSI,ASP-HSI,RG,C0000005022,,1,R,N,,,,,,"-	ผู้ลงทุนที่ต้องการกระจายการลงทุนไปยังหลักทรัพย์ต่างประเทศและมุ่งหวังผลตอบแทนจากการลงทุนในกองทุนรวมต่างประเทศ โดยเงินลงทุนดังกล่าวต้องสามารถรับความเสี่ยงได้สูง และต้องการผลตอบแทนในระยะยาว
<br>
- ผู้ลงทุนที่สามารถรับความผันผวนของราคาหุ้นที่กองทุนรวมไปลงทุน ซึ่งอาจจะปรับตัวเพิ่มสูงขึ้น หรือลดลงจนต่ำกว่ามูลค่าที่ลงทุนและทำให้ขาดทุนได้ <br>
- ผู้ที่สามารถลงทุนในระยะกลางถึงระยะยาว โดยคาดหวังผลตอบแทนในระยะยาวที่ดีกว่าการลงทุนใน  ตราสารหนี้ทั่วไป<br>
",FED,กองทุนรวมฟีดเดอร์
40,M0449_2563,MF0290_2563,2020-10-15,-,กองทุนเปิด แอสเซทพลัส อีโวลูชั่น ไชน่า อิควิตี้ เพื่อการเลี้ยงชีพ,Asset Plus Evolution China Equity RMF Fund,ASP-EVOCHINARMF,RG,C0000005022,,1,R,N,,,,,,"<p>- 	ผู้ลงทุนที่ต้องการกระจายการลงทุนไปยังตราสารทุนในสาธารณรัฐประชาชนจีนและ/หรือเขตบริหารพิเศษฮ่องกงและ/หรือประเทศสาธารณรัฐจีน (ไต้หวัน) และสามารถรับความผันผวนของราคาหุ้นหรือตราสารทุนอื่นใดที่กองทุนรวมไปลงทุน ซึ่งอาจจะปรับตัวเพิ่มสูงขึ้นหรือลดลงจนต่ำกว่ามูลค่าที่ลงทุนและทำให้ขาดทุนได้
<br>
- 	ผู้ลงทุนที่สามารถลงทุนในระยะกลางถึงระยะยาว โดยคาดหวังผลตอบแทนในระยะยาวที่ดีกว่าการลงทุนใน ตราสารหนี้ทั่วไป
<br>
- 	ผู้ลงทุนที่สามารถรับความผันผวนของราคาหุ้นที่กองทุนรวมไปลงทุน ซึ่งอาจจะปรับตัวเพิ่มสูงขึ้น หรือลดลงจนต่ำกว่ามูลค่าที่ลงทุนและทำให้ขาดทุนได้
<br>
-	กองทุนรวมเพื่อการเลี้ยงชีพ มีเงื่อนไขต้องลงทุนต่อเนื่องเป็นระยะเวลาไม่น้อยกว่า 5 ปี จนครบ 55 ปีบริบูรณ์ เพื่อสิทธิประโยชน์ทางภาษี
</p>
",RMF,กองทุนรวมเพื่อการเลี้ยงชีพ
41,M0471_2566,MF0432_2566,2023-10-20,-,กองทุนเปิด แอสเซทพลัส สตราทีจิค เครดิต ห้ามขายผู้ลงทุนรายย่อย,Asset Plus Strategic Credit Fund Not for Retail Investors,ASP-SC-UI,RG,C0000005022,,1,X,N,,,,,,,FED,กองทุนรวมฟีดเดอร์
42,M0481_2565,MF0368_2565,2022-11-15,-,กองทุนเปิด แอสเซทพลัส อัลไล ไพรเวทอิควิตี้-เรียลเอสเตท ห้ามขายผู้ลงทุนรายย่อย,Asset Plus ALLY Private Equity-Real Estate Fund Not for Retail Investors ,ASP-APR-UI,RG,C0000005022,,3,X,Y,,,5 ,,,,,
43,M0488_2561,MF0041_2562,2019-02-04,-,กองทุนเปิด แอสเซทพลัส แอคทีฟ แอสเซท แอลโลเคชั่น,Asset Plus Active Asset Allocation Fund,ASP-AAA,RG,C0000005022,,4,R,N,,,,,,"<p>- 	ผู้ลงทุนที่ต้องการกระจายการลงทุนไปยังตราสารที่หลากหลาย โดยการปรับสัดส่วนการลงทุนขึ้นอยู่กับการตัดสินใจของบริษัทจัดการและตามความเหมาะสมกับสภาวการณ์ในแต่ละขณะ โดยมีเป้าหมายควบคุมความผันผวน (volatility) ให้อยู่ในระดับไม่สูงกว่าความผันผวนระยะยาวของตราสารที่ลงทุน&nbsp;<br>
-	ผู้ลงทุนที่สามารถยอมรับความผันผวนของมูลค่าหน่วยลงทุนที่อาจจะเกิดขึ้นจากทรัพย์สินที่กองทุนไปลงทุนได้ ซึ่งอาจจะปรับตัวเพิ่มสูงขึ้นหรือลดลงจนต่ำกว่ามูลค่าที่ลงทุนและทำให้ขาดทุนได้
<br>
- 	ผู้ลงทุนที่สามารถลงทุนในระยะกลางถึงระยะยาว โดยคาดหวังผลตอบแทนในระยะยาวที่ดีกว่าการลงทุนในตราสารหนี้ทั่วไป
<br>
- กองทุนมีการแบ่งชนิดหน่วยลงทุนของกองทุนเป็น 2 ชนิด ได้แก่ ชนิดสะสมมูลค่าและชนิดรับซื้อคืนอัตโนมัติ ทั้งนี้ เพื่อประโยชน์สูงสุดของผู้ลงทุน ผู้ลงทุนควรศึกษาข้อมูลของหน่วยลงทุนทั้ง 2 ชนิดก่อนการลงทุน </p>",,
44,M0496_2564,MF0023_2565,2022-01-28,-,กองทุนเปิด แอสเซทพลัส ดิจิทัล บล็อกเชน,Asset Plus Digital Blockchain Fund,ASP-DIGIBLOC,RG,C0000005022,,1,R,N,,,,,,"-	ผู้ที่ต้องการกระจายการลงทุนไปยังต่างประเทศและสามารถรับความผันผวนของราคาหุ้นหรือตราสารทุนอื่นใดที่กองทุนไทยไปลงทุน อาจจะปรับตัวเพิ่มสูงขึ้นหรือลดลงจนต่ำกว่ามูลค่าที่ลงทุนและทำให้ขาดทุนได้
<br>-	ผู้ที่สามารถลงทุนในระยะกลางถึงระยะยาว โดยคาดหวังผลตอบแทนในระยะยาวที่ดีกว่าการลงทุนในตราสารหนี้ทั่วไป
<br>",,
45,M0497_2564,MF0024_2565,2022-01-28,-,กองทุนเปิด แอสเซทพลัส ดิจิทัล บล็อกเชน เพื่อการเลี้ยงชีพ,Asset Plus Digital Blockchain RMF Fund,ASP-DIGIBLOCRMF,RG,C0000005022,,1,R,N,,,,,,"-	ผู้ที่ต้องการกระจายการลงทุนไปยังต่างประเทศและสามารถรับความผันผวนของราคาหุ้นหรือตราสารทุนอื่นใดที่กองทุนไทยไปลงทุน อาจจะปรับตัวเพิ่มสูงขึ้นหรือลดลงจนต่ำกว่ามูลค่าที่ลงทุนและทำให้ขาดทุนได้
<br>-	ผู้ที่สามารถลงทุนในระยะกลางถึงระยะยาว โดยคาดหวังผลตอบแทนในระยะยาวที่ดีกว่าการลงทุนในตราสารหนี้ทั่วไป
<br>-	กองทุนรวมเพื่อการเลี้ยงชีพ มีเงื่อนไขต้องลงทุนต่อเนื่องเป็นระยะเวลาไม่น้อยกว่า 5 ปี จนครบ 55 ปีบริบูรณ์ เพื่อสิทธิประโยชน์ทางภาษี
<br>",RMF,กองทุนรวมเพื่อการเลี้ยงชีพ
46,M0498_2564,MF0025_2565,2022-01-28,-,กองทุนเปิด แอสเซทพลัส ดิจิทัล บล็อกเชน เพื่อการออม,Asset Plus Digital Blockchain Super Savings Fund,ASP-DIGIBLOC-SSF,RG,C0000005022,,1,R,N,,,,,,"-	ผู้ที่ต้องการกระจายการลงทุนไปยังต่างประเทศและสามารถรับความผันผวนของราคาหุ้นหรือตราสารทุนอื่นใดที่กองทุนไทย
ไปลงทุน อาจจะปรับตัวเพิ่มสูงขึ้นหรือลดลงจนต่ำกว่ามูลค่าที่ลงทุนและทำให้ขาดทุนได้
<br>-	ผู้ลงทุนที่ประสงค์จะได้รับสิทธิประโยชน์ทางภาษี และสามารถออมเงินระยะยาวได้ ทั้งนี้ กองทุนรวมเพื่อการออม ผู้ลงทุนต้องถือครองหน่วยลงทุนเป็นระยะเวลาไม่น้อยกว่า 10 ปี เพื่อที่จะได้รับสิทธิประโยชน์ทางภาษีจากการลงทุน
<br>-	กองทุนนี้เป็นกองทุนรวมเพื่อการออม เพื่อที่จะได้รับสิทธิประโยชน์ทางภาษีจากการลงทุนผู้ลงทุนที่ซื้อหน่วยลงทุนต้องปฏิบัติตามเงื่อนไขที่กรมสรรพากรกำหนดเท่านั้น
<br>-	ผู้ลงทุนที่คาดหวังผลตอบแทนในระยะยาวที่ดีกว่าการลงทุนในตราสารหนี้ทั่วไป 
<br>",SSF,กองทุนรวมเพื่อการออม 
47,M0502_2556,MF0429_2556,2013-07-11,-,กองทุนเปิดแอสเซทพลัสเอไอตราสารหนี้ 1 ห้ามขายผู้ลงทุนรายย่อย,Asset Plus AI Fixed Income Fund 1 Not for Retail Investors,ASP-AIF1,RG,C0000005022,,4,A,N,,,,,กองทุนรวมตราสารหนี้ที่มีนโยบายการลงทุนในตราสาร Non-Investment Grade / Unrated ไม่เกินร้อยละ 20 ของ NAV<br>,"-	เหมาะสมกับผู้ลงทุนที่มิใช่รายย่อย (Accredited Investors) ที่ยอมรับความเสี่ยงของการลงทุนในตราสารหนี้ที่มีอันดับความน่าเชื่อถือต่ำกว่าที่สามารถลงทุนได้ (Non-Investment Grade) และตราสารหนี้ที่ไม่ได้รับการจัดอันดับความน่าเชื่อถือ (Unrated Securities) ได้ในระดับสูง
<br>-	ผู้ลงทุนที่คาดหวังผลตอบแทนที่สูงกว่าเงินฝาก และยอมรับผลตอบแทนที่อาจต่ำกว่าหุ้นได้
<br>",,
48,M0542_2560,MF0473_2560,2017-11-23,-,กองทุนเปิด แอสเซทพลัส โรโบติกส์ เพื่อการเลี้ยงชีพ,Asset Plus Robotics RMF Fund,ASP-ROBOTRMF,RG,C0000005022,,1,R,N,,,,,&nbsp;,"-	ผู้ลงทุนที่ประสงค์จะได้รับสิทธิประโยชน์ทางภาษี และสามารถยอมรับความเสี่ยงในการลงทุนในหลักทรัพย์ประเภทตราสารทุน หน่วย CIS ต่างประเทศที่มีนโยบายลงทุนในตราสารทุน เป็นต้น และสามารถยอมรับความผันผวนของราคาที่อาจจะเกิดขึ้นจากทรัพย์สินที่กองทุนไปลงทุนได้
<br>
-	ผู้ที่สามารถลงทุนในระยะกลางถึงระยะยาว โดยคาดหวังผลตอบแทนในระยะยาวดีกว่าการลงทุนในตราสารหนี้ทั่วไป
<br>
-	กองทุนรวมเพื่อการเลี้ยงชีพ มีเงื่อนไขต้องลงทุนต่อเนื่องเป็นระยะเวลาไม่น้อยกว่า 5 ปี จนครบ 55 ปีบริบูรณ์ เพื่อสิทธิประโยชน์ทางภาษี
<br>
",RMF,กองทุนรวมเพื่อการเลี้ยงชีพ
49,M0543_2566,MF0343_2566,2023-09-06,-,กองทุนเปิด แอสเซทพลัส ตราสารหนี้ 6เดือน4 ห้ามขายผู้ลงทุนรายย่อย ,Asset Plus Fixed Income Fund 6M4 Not for Retail Investors,ASP-FIXED 6M4,RG,C0000005022,,4,A,N,,,,,,,,
50,M0568_2560,MF0472_2560,2017-11-23,-,กองทุนเปิด แอสเซทพลัส สมอล แอนด์ มิด แคป อิควิตี้ หุ้นระยะยาว,Asset Plus Small and Mid Cap Equity LTF Fund,ASP-SMELTF,RG,C0000005022,,3,R,N,,,,,,"<p>
</p>
<p>-	ผู้ลงทุนที่สามารถรับความผันผวนของราคาหุ้นที่กองทุนไปลงทุน ซึ่งอาจจะปรับตัวเพิ่มสูงขึ้น หรือลดลงจนต่ำกว่ามูลค่าที่ลงทุนและทำให้ขาดทุนได้
<br>
-	ผู้ลงทุนที่คาดหวังผลตอบแทนในระยะยาวที่ดีกว่าการลงทุนในตราสารหนี้ทั่วไป
<br>
-	กองทุนมีการแบ่งชนิดหน่วยลงทุนของกองทุนเป็น 2 ชนิด ได้แก่
<br>
1. ชนิดมีสิทธิประโยชน์ทางภาษี (ASP-SMELTF-T) เหมาะสำหรับผู้ลงทุน ที่ลงทุนก่อนวันที่ 1 มกราคม 2563 เท่านั้น โดยเงินลงทุนสามารถนำไปลดหย่อนภาษีได้
<br>
ทั้งนี้ ตามกฎกระทรวง ฉบับที่ 317 (พ.ศ.2559) ออกตามความในประมวลรัษฎากร ว่าด้วยการยกเว้นรัษฎากร ลงวันที่ 28 มิถุนายน 2559 กำหนดให้สิทธิประโยชน์ทางภาษีกองทุนรวมหุ้นระยะยาว สิ้นสุดวันที่ 31 ธันวาคม 2562 ดังนั้น ตั้งแต่วันที่ 1 มกราคม 2563 เป็นต้นไป บริษัทจัดการไม่เปิดให้ผู้ลงทุนซื้อหน่วยลงทุนชนิดมีสิทธิประโยชน์ทางภาษี (ASP-SMELTF-T) ได้อีก
<br>
2. ชนิดไม่มีสิทธิประโยชน์ทางภาษี (ASP-SMELTF-A) เหมาะสำหรับผู้ลงทุน ที่ลงทุนตั้งแต่วันที่ 2 มกราคม 2563 เป็นต้นไป โดยเงินลงทุนไม่สามารถนำไปลดหย่อนภาษีได้ และต้องการรับผลตอบแทนจากส่วนต่างจากการลงทุน (Capital gain) และสะสมผลประโยชน์จากการลงทุน (Total return)
</p>
",LTF,กองทุนรวมหุ้นระยะยาว
51,M0578_2563,MF0027_2564,2021-01-29,-,กองทุนเปิด แอสเซทพลัส ยุโรป โกรท,Asset Plus Europe Growth Fund,ASP-EUG,RG,C0000005022,,1,R,N,,,,,,"<p>-	ผู้ลงทุนที่สามารถรับความผันผวนของราคาหุ้นที่กองทุน Baillie Gifford Worldwide Pan-European Fund (กองทุนหลัก) ไปลงทุน ซึ่งอาจจะปรับตัวเพิ่มสูงขึ้นหรือลดลงจนต่ำกว่ามูลค่าที่ลงทุนและทำให้ขาดทุนได้
<br>
-	ผู้ที่สามารถลงทุนในระยะกลางถึงระยะยาว โดยคาดหวังผลตอบแทนในระยะยาวที่ดีกว่าการลงทุนในตราสารหนี้ทั่วไป
</p>
",FED,กองทุนรวมฟีดเดอร์
52,M0592_2547,095_2547,2004-11-23,-,กองทุนเปิดแอสเซทพลัสหุ้นระยะยาว,Asset Plus Long-Term Equity Fund,ASP-LTF,RG,C0000005022,,3,R,N,,,,,,"-	ผู้ลงทุนที่สามารถรับความผันผวนของราคาหุ้นที่กองทุนไปลงทุน ซึ่งอาจจะปรับตัวเพิ่มสูงขึ้น หรือลดลงจนต่ำกว่ามูลค่าที่ลงทุนและทำให้ขาดทุนได้
<br>
-	ผู้ลงทุนที่คาดหวังผลตอบแทนในระยะยาวที่ดีกว่าการลงทุนในตราสารหนี้ทั่วไป
<br>
-	กองทุนมีการแบ่งชนิดหน่วยลงทุนของกองทุนเป็น 2 ชนิด ได้แก่
<br>
1. ชนิดจ่ายเงินปันผลและมีสิทธิประโยชน์ทางภาษี (ASP-LTF-T) เหมาะสำหรับผู้ลงทุนที่ลงทุนก่อนวันที่ 1 มกราคม 2563 เท่านั้น โดยเงินลงทุนสามารถนำไปลดหย่อนภาษีได้ ทั้งนี้ ตั้งแต่วันที่ 1 มกราคม 2563 เป็นต้นไป บริษัทจัดการไม่เปิดให้ผู้ลงทุนซื้อหน่วยลงทุนชนิดมีสิทธิประโยชน์ทางภาษี (ASP-LTF-T) ได้อีก
<br>
2. ชนิดจ่ายเงินปันผลและไม่มีสิทธิประโยชน์ทางภาษี (ASP-LTF-A) เหมาะสำหรับผู้ลงทุนที่ลงทุนตั้งแต่วันที่ 2 มกราคม 2563 เป็นต้นไป โดยเงินลงทุนไม่สามารถนำไปลดหย่อนภาษีได้ และต้องการรับผลตอบแทนจากส่วนต่างจากการลงทุน (Capital gain) และสะสมผลประโยชน์จากการลงทุน (Total return)
<br>
",LTF,กองทุนรวมหุ้นระยะยาว
53,M0603_2563,MF0028_2564,2021-01-29,-,กองทุนเปิด แอสเซทพลัส เจแปน ไฮ คอนวิคชั่น,Asset Plus Japan High Conviction Fund,ASP-JHC,RG,C0000005022,,1,R,N,,,,,,"<p>-	ผู้ลงทุนที่สามารถรับความผันผวนของราคาหุ้นที่กองทุน Japan High Conviction Fund (กองทุนหลัก) ไปลงทุน ซึ่งอาจจะปรับตัวเพิ่มสูงขึ้นหรือลดลงจนต่ำกว่ามูลค่าที่ลงทุนและทำให้ขาดทุนได้
<br>
-	ผู้ที่สามารถลงทุนในระยะกลางถึงระยะยาว โดยคาดหวังผลตอบแทนในระยะยาวที่ดีกว่าการลงทุนในตราสารหนี้ทั่วไป
</p>
",FED,กองทุนรวมฟีดเดอร์
54,M0616_2565,MF0358_2565,2022-11-03,-,กองทุนเปิด แอสเซทพลัส ตราสารหนี้ 6เดือน1 ห้ามขายผู้ลงทุนรายย่อย ,Asset Plus Fixed Income Fund 6M1 Not for Retail Investors,ASP-FIXED 6M1,RG,C0000005022,,4,A,N,,,,,,,,
55,M0629_2560,MF0009_2561,2018-01-18,-,กองทุนเปิด แอสเซทพลัส เวียดนาม โกรท ฟันด์,Asset Plus Vietnam Growth Fund,ASP-VIET,RG,C0000005022,,1,R,N,,,,,,"- ผู้ลงทุนที่ต้องการกระจายการลงทุนไปยังตราสารทุนประเทศเวียดนาม และสามารถรับความผันผวนของราคาหุ้นหรือตราสารทุนอื่นใดที่กองทุนรวมไปลงทุน ซึ่งอาจจะปรับตัวเพิ่มสูงขึ้นหรือลดลงจนต่ำกว่ามูลค่าที่ลงทุนและทำให้ขาดทุนได้ <br>
- ผู้ลงทุนที่สามารถลงทุนในระยะกลางถึงระยะยาว โดยคาดหวังผลตอบแทนในระยะยาวที่ดีกว่าการลงทุนใน  ตราสารหนี้ทั่วไป<br>
- ผู้ลงทุนที่สามารถรับความผันผวนของราคาหุ้นที่กองทุนรวมไปลงทุน ซึ่งอาจจะปรับตัวเพิ่มสูงขึ้น หรือลดลงจนต่ำกว่ามูลค่าที่ลงทุนและทำให้ขาดทุนได้ <br>",,
56,M0651_2566,MF0499_2566,2023-11-29,-,กองทุนเปิด แอสเซทพลัส ยูเอส สมอล แคป โฟกัส,Asset Plus U.S. Small Cap Focus Fund,ASP-USSMALL,RG,C0000005022,,1,R,N,,,,,,,FED,กองทุนรวมฟีดเดอร์
57,M0656_2559,MF0042_2560,2017-02-02,-,กองทุนเปิด แอสเซทพลัส ตราสารหนี้ เดลี่ พลัส,Asset Plus Fixed Income Daily Plus Fund,ASP-DPLUS,RG,C0000005022,,4,R,N,,,,,&nbsp;,"-	ผู้ลงทุนที่คาดหวังผลตอบแทนที่สูงกว่าเงินฝาก และยอมรับผลตอบแทนที่อาจต่ำกว่าหุ้นได้
<br>
-	ผู้ลงทุนที่ต้องการสภาพคล่องในการซื้อขายไถ่ถอนหน่วลงทุนได้ทุกวันทำการ โดยจะได้รับเงินคืนภายในวันที่ T+1
<br>
",,
58,M0686_2565,MF0031_2566,2023-02-01,-,กองทุนเปิด แอสเซทพลัส โกลบอล คาร์บอนเครดิต ห้ามขายผู้ลงทุนรายย่อย,Asset Plus Global Carbon Credit Fund Not for Retail Investors,ASP-GCC-UI,RG,C0000005022,,1,X,N,,,,,,,FED,กองทุนรวมฟีดเดอร์
59,M0735_2562,MF0028_2563,2020-02-12,-,กองทุนเปิด แอสเซทพลัส อสังหาริมทรัพย์และโครงสร้างพื้นฐาน เฟล็กซิเบิ้ล,Asset Plus  Property and Infrastructure Flexible Fund,ASP-PROPIN,RG,C0000005022,,4,R,N,,,,,,"-	ผู้ลงทุนที่ต้องการกระจายการลงทุนและแสวงหาโอกาสรับผลตอบแทนจากการลงทุนในกลุ่มอุตสาหกรรมอสังหาริมทรัพย์และ/หรือโครงสร้างพื้นฐาน ผ่านการลงทุนในหน่วยลงทุนของกองทุนรวมและ/หรือกองทุนอีทีเอ็ฟ (ETF) รวมถึงตราสารอื่นใดที่เกี่ยวข้องกับหมวดอุตสาหกรรมอสังหาริมทรัพย์และ/หรือโครงสร้างพื้นฐาน 
<br>-	ผู้ลงทุนที่สามารถรับความผันผวนของราคาหลักทรัพย์หรือทรัพย์สินที่กองทุนไปลงทุน ซึ่งอาจจะปรับตัวเพิ่มสูงขึ้นหรือลดลงจนต่ำกว่ามูลค่าที่ลงทุนและทำให้ขาดทุนได้
<br>-	ผู้ที่สามารถลงทุนในระยะกลางถึงระยะยาว โดยคาดหวังผลตอบแทนในระยะยาวที่ดีกว่าการลงทุนในตราสารหนี้ทั่วไป
<br>-	กองทุนมีการแบ่งชนิดหน่วยลงทุนออกเป็น 2 ชนิด ได้แก่ ชนิดสะสมมูลค่าและชนิดรับซื้อคืนอัตโนมัติ ทั้งนี้ เพื่อประโยชน์สูงสุดของผู้ลงทุน ผู้ลงทุนควรศึกษาข้อมูลของหน่วยลงทุนทั้ง 2 ชนิดก่อนการลงทุน
<br>",FF,กองทุนรวมหน่วยลงทุน (Fund of Funds)
60,M0776_2547,113_2547,2004-12-23,-,กองทุนเปิดแอสเซทพลัสตราสารทุนเพื่อการเลี้ยงชีพ,Asset Plus Equity RMF,ASP-ERF,RG,C0000005022,,3,R,N,,,,,,"-	ผู้ลงทุนที่สามารถรับความผันผวนของราคาหุ้นที่กองทุนรวมไปลงทุน ซึ่งอาจจะปรับตัวเพิ่มสูงขึ้น หรือลดลงจนต่ำกว่ามูลค่าที่ลงทุนและทำให้ขาดทุนได้
<br>
-	ผู้ที่สามารถลงทุนในระยะกลางถึงระยะยาว โดยคาดหวังผลตอบแทนในระยะยาวที่ดีกว่าการลงทุนในตราสารหนี้ทั่วไป
<br>
-	กองทุนรวมเพื่อการเลี้ยงชีพ มีเงื่อนไขต้องลงทุนต่อเนื่องเป็นระยะเวลาไม่น้อยกว่า 5 ปี จนครบ 55 ปีบริบูรณ์ เพื่อสิทธิประโยชน์ทางภาษี
<br>
",RMF,กองทุนรวมเพื่อการเลี้ยงชีพ
61,M0785_2547,114_2547,2004-12-23,-,กองทุนเปิดแอสเซทพลัสหุ้นผสมตราสารหนี้เพื่อการเลี้ยงชีพ,Asset Plus Mixed RMF,ASP-MRF,RG,C0000005022,,3,R,N,,,,,,"-	เหมาะสมกับผู้ลงทุนที่ต้องการออมเงินระยะยาวที่มุ่งหวังผลตอบแทนที่ดีที่กองทุนจะได้รับจากกำไรส่วนเกินทุนจากการลงทุนใน          ตราสารทุนและดอกเบี้ยของตราสารหนี้
<br>-	กองทุนรวมเพื่อการเลี้ยงชีพ มีเงื่อนไขต้องลงทุนต่อเนื่องเป็นระยะเวลาไม่น้อยกว่า 5 ปี จนครบ 55 ปีบริบูรณ์ เพื่อสิทธิประโยชน์ทางภาษี<br>",RMF,กองทุนรวมเพื่อการเลี้ยงชีพ
62,M0787_2547,115_2547,2004-12-23,-,กองทุนเปิดแอสเซทพลัสตราสารหนี้เพื่อการเลี้ยงชีพ,Asset Plus Fixed RMF,ASP-FRF,RG,C0000005022,,3,R,N,,,,,<p><br></p>,"-	ผู้ลงทุนที่คาดหวังผลตอบแทนที่สูงกว่าเงินฝาก และยอมรับผลตอบแทนที่อาจต่ำกว่าหุ้นได้
<br>
-	เหมาะสมกับผู้ลงทุนที่ต้องการออมเงินระยะยาว ที่มุ่งหวังผลตอบแทนที่ดีที่กองทุนจะได้รับจากกำไรส่วนเกินทุนจากดอกเบี้ยของตราสารหนี้
<br>
-	กองทุนรวมเพื่อการเลี้ยงชีพ มีเงื่อนไขต้องลงทุนต่อเนื่องเป็นระยะเวลาไม่น้อยกว่า 5 ปี จนครบ 55 ปีบริบูรณ์ เพื่อสิทธิประโยชน์ทางภาษี
<br>
",RMF,กองทุนรวมเพื่อการเลี้ยงชีพ
63,M0804_2566,MF0562_2566,2023-12-22,-,กองทุนเปิด แอสเซทพลัส หุ้นไทยเพื่อความยั่งยืน,Asset Plus Equity Thailand ESG Fund,ASP-ThaiESG,RG,C0000005022,,3,R,N,,,,,,,TESG,กองทุนรวมไทยเพื่อความยั่งยืน
64,M0815_2557,MF0074_2558,2015-02-11,-,กองทุนเปิดแอสเซทพลัสยุโรปควอลิตี้,Asset Plus Europe Quality Fund,ASP-EUROPE QUALITY,RG,C0000005022,,1,R,N,,,,,,"-	เหมาะสมกับผู้ลงทุนที่ต้องการกระจายการลงทุน ในกองทุนตราสารทุนแห่งทุนต่างประเทศ และมีโอกาสที่จะได้รับผลตอบแทนที่ดี ทั้งนี้ ผู้ลงทุนควรมีความเข้าใจและยอมรับความเสี่ยงของการลงทุนในต่างประเทศได้
<br>
- ผู้ลงทุนที่สามารถรับความผันผวนของราคาหุ้นที่กองทุนรวมไปลงทุน ซึ่งอาจจะปรับตัวเพิ่มสูงขึ้น หรือลดลงจนต่ำกว่ามูลค่าที่ลงทุนและทำให้ขาดทุนได้ <br>
- ผู้ที่สามารถลงทุนในระยะกลางถึงระยะยาว โดยคาดหวังผลตอบแทนในระยะยาวที่ดีกว่าการลงทุนใน  ตราสารหนี้ทั่วไป<br>",FED,กองทุนรวมฟีดเดอร์
65,M1202_2557,MF0419_2558,2015-08-11,-,กองทุนเปิดแอสเซทพลัสยุโรปพร็อพเพอร์ตี้,Asset plus Europe Property Fund,ASP-EUPROP,RG,C0000005022,,1,R,N,,,,,<p><br></p>,"-	เหมาะสมกับผู้ลงทุนที่ต้องการกระจายการลงทุน ในกองทุนตราสารทุนแห่งทุนต่างประเทศ และมีโอกาสที่จะได้รับผลตอบแทนที่ดี ทั้งนี้ ผู้ลงทุนควรมีความเข้าใจและยอมรับความเสี่ยงของการลงทุนในต่างประเทศได้
<br>
-	ผู้ที่สามารถลงทุนในระยะกลางถึงระยะยาว โดยคาดหวังผลตอบแทนในระยะยาวที่ดีกว่าการลงทุนในตราสารหนี้ทั่วไป
<br>
-	ผู้ลงทุนที่สามารถรับความผันผวนของราคาหุ้นหรือตราสารทุนอื่นใดที่กองทุนต่างประเทศและ/หรือที่กองทุนไทยไปลงทุน ซึ่งอาจจะปรับตัวเพิ่มสูงขึ้นหรือลดลงจนต่ำกว่ามูลค่าที่ลงทุนและทำให้ขาดทุนได้
<br>
-	ผู้ลงทุนที่ต้องการกระจายการลงทุนไปยังหุ้นกลุ่ม Real estate
<br>","FED,SE","กองทุนรวมฟีดเดอร์,กองทุนรวมหมวดอุตสาหกรรม"
